{
  "dataset": "codex-s",
  "model": "RGCN",
  "num_models": 25,
  "num_groups": 5,
  "models_per_group": 5,
  "random_seed": 42,
  "optimized": true,
  "on_the_fly": true,
  "random_control": {
    "mean_of_rank_stds": 45.897428090784146,
    "std_of_rank_stds": 93.20964177612866,
    "ambiguity@1": 0.3304157549234136,
    "ambiguity@5": 0.287199124726477,
    "ambiguity@10": 0.2538293216630197,
    "discrepancy@1": 0.1799781181619256,
    "discrepancy@5": 0.15426695842450766,
    "discrepancy@10": 0.13183807439824946,
    "pred_jaccard@1": 0.34116520787746174,
    "pred_jaccard@1_std": 0.012918887140509502,
    "pred_overlap@1": 0.34116520787746174,
    "pred_overlap@1_std": 0.012918887140509502,
    "pred_rbo@1": 0.34116520787746174,
    "pred_rbo@1_std": 0.012918887140509502,
    "pred_kl@1": 7.786718952586324,
    "pred_kl@1_std": 0.2191822331318634,
    "super_pred_jaccard@1_mean": 0.13347921225382933,
    "super_pred_jaccard@1_std": 0.3400919172075786,
    "super_pred_overlap@1_mean": 0.13347921225382933,
    "super_pred_overlap@1_std": 0.3400919172075786,
    "pred_jaccard@5": 0.3393881768608245,
    "pred_jaccard@5_std": 0.006981573992045612,
    "pred_overlap@5": 0.4584354485776805,
    "pred_overlap@5_std": 0.007874034326119548,
    "pred_rbo@5": 0.40736223559445656,
    "pred_rbo@5_std": 0.010461175711467291,
    "pred_kl@5": 7.786718952586324,
    "pred_kl@5_std": 0.2191822331318634,
    "super_pred_jaccard@5_mean": 0.12937595710933444,
    "super_pred_jaccard@5_std": 0.15566254613069586,
    "super_pred_overlap@5_mean": 0.2315098468271335,
    "super_pred_overlap@5_std": 0.23019475250854673,
    "pred_jaccard@10": 0.38686305118003134,
    "pred_jaccard@10_std": 0.006203623867155312,
    "pred_overlap@10": 0.5161105032822757,
    "pred_overlap@10_std": 0.007861918244664964,
    "pred_rbo@10": 0.4512127031884964,
    "pred_rbo@10_std": 0.008630743473499302,
    "pred_kl@10": 7.786718952586324,
    "pred_kl@10_std": 0.2191822331318634,
    "super_pred_jaccard@10_mean": 0.17411285563702622,
    "super_pred_jaccard@10_std": 0.1847859113684376,
    "super_pred_overlap@10_mean": 0.2905908096280087,
    "super_pred_overlap@10_std": 0.24344599588686786,
    "n_models": 5,
    "type": "control",
    "control_name": "random_control",
    "individual_mrrs": [
      0.34888048790881654,
      0.3671588466234656,
      0.3568279467755905,
      0.35915112917452974,
      0.3687468373528289
    ],
    "mean_mrr": 0.36015304956704625,
    "std_mrr": 0.00809421367842608,
    "min_mrr": 0.34888048790881654,
    "max_mrr": 0.3687468373528289
  },
  "init_control": {
    "mean_of_rank_stds": 46.0942910189763,
    "std_of_rank_stds": 93.8020544360342,
    "ambiguity@1": 0.300054704595186,
    "ambiguity@5": 0.28419037199124725,
    "ambiguity@10": 0.24808533916849015,
    "discrepancy@1": 0.1537199124726477,
    "discrepancy@5": 0.14907002188183807,
    "discrepancy@10": 0.12828227571115974,
    "pred_jaccard@1": 0.35574398249452954,
    "pred_jaccard@1_std": 0.015219876254552584,
    "pred_overlap@1": 0.35574398249452954,
    "pred_overlap@1_std": 0.015219876254552584,
    "pred_rbo@1": 0.35574398249452954,
    "pred_rbo@1_std": 0.015219876254552584,
    "pred_kl@1": 7.570156716267013,
    "pred_kl@1_std": 0.12388466840795688,
    "super_pred_jaccard@1_mean": 0.15317286652078774,
    "super_pred_jaccard@1_std": 0.36015404965457865,
    "super_pred_overlap@1_mean": 0.15317286652078774,
    "super_pred_overlap@1_std": 0.36015404965457865,
    "pred_jaccard@5": 0.3468756512451808,
    "pred_jaccard@5_std": 0.004817109506725524,
    "pred_overlap@5": 0.4651477024070022,
    "pred_overlap@5_std": 0.006222702406761734,
    "pred_rbo@5": 0.41735074762946756,
    "pred_rbo@5_std": 0.00701033513008349,
    "pred_kl@5": 7.570156716267013,
    "pred_kl@5_std": 0.12388466840795688,
    "super_pred_jaccard@5_mean": 0.1360105047953197,
    "super_pred_jaccard@5_std": 0.15822385088654278,
    "super_pred_overlap@5_mean": 0.24075492341356675,
    "super_pred_overlap@5_std": 0.23236929952079782,
    "pred_jaccard@10": 0.39286142463194396,
    "pred_jaccard@10_std": 0.0035742300705254456,
    "pred_overlap@10": 0.5224589715536105,
    "pred_overlap@10_std": 0.004634393825443486,
    "pred_rbo@10": 0.46032427993991176,
    "pred_rbo@10_std": 0.005206248053678967,
    "pred_kl@10": 7.570156716267013,
    "pred_kl@10_std": 0.12388466840795688,
    "super_pred_jaccard@10_mean": 0.1794156694524049,
    "super_pred_jaccard@10_std": 0.18536822024304694,
    "super_pred_overlap@10_mean": 0.2984409190371991,
    "super_pred_overlap@10_std": 0.24233383467538544,
    "n_models": 5,
    "type": "control",
    "control_name": "init_control",
    "individual_mrrs": [
      0.3593434041083103,
      0.3658423133842794,
      0.34888048790881654,
      0.3671588466234656,
      0.34493644955183556
    ],
    "mean_mrr": 0.35723230031534153,
    "std_mrr": 0.00997579724071584,
    "min_mrr": 0.34493644955183556,
    "max_mrr": 0.3671588466234656
  },
  "all_500_control": {
    "mean_of_rank_stds": 55.76064333003354,
    "std_of_rank_stds": 100.23351963968699,
    "ambiguity@1": 0.5021881838074398,
    "ambiguity@5": 0.5175054704595186,
    "ambiguity@10": 0.4636214442013129,
    "discrepancy@1": 0.1988512035010941,
    "discrepancy@5": 0.1813457330415755,
    "discrepancy@10": 0.15727571115973743,
    "pred_jaccard@1": 0.3414706418672502,
    "pred_jaccard@1_std": 0.02421440535648007,
    "pred_overlap@1": 0.3414706418672502,
    "pred_overlap@1_std": 0.02421440535648007,
    "pred_rbo@1": 0.3414706418672502,
    "pred_rbo@1_std": 0.02421440535648007,
    "pred_kl@1": 7.836188882461805,
    "pred_kl@1_std": 0.3160714075111961,
    "super_pred_jaccard@1_mean": 0.047319474835886215,
    "super_pred_jaccard@1_std": 0.2123213181410245,
    "super_pred_overlap@1_mean": 0.047319474835886215,
    "super_pred_overlap@1_std": 0.2123213181410245,
    "pred_jaccard@5": 0.33712346089055606,
    "pred_jaccard@5_std": 0.012483238094008562,
    "pred_overlap@5": 0.4549646243617797,
    "pred_overlap@5_std": 0.014297435620999506,
    "pred_rbo@5": 0.40621817104303426,
    "pred_rbo@5_std": 0.0171659201889011,
    "pred_kl@5": 7.836188882461805,
    "pred_kl@5_std": 0.3160714075111961,
    "super_pred_jaccard@5_mean": 0.03525887121875657,
    "super_pred_jaccard@5_std": 0.06723618701252007,
    "super_pred_overlap@5_mean": 0.09173960612691466,
    "super_pred_overlap@5_std": 0.14462520045417196,
    "pred_jaccard@10": 0.38491615120023365,
    "pred_jaccard@10_std": 0.01175731360714078,
    "pred_overlap@10": 0.5131946571845369,
    "pred_overlap@10_std": 0.013213351118089104,
    "pred_rbo@10": 0.44975657258344615,
    "pred_rbo@10_std": 0.01483069885345809,
    "pred_kl@10": 7.836188882461805,
    "pred_kl@10_std": 0.3160714075111961,
    "super_pred_jaccard@10_mean": 0.06803453775315806,
    "super_pred_jaccard@10_std": 0.12013914824442798,
    "super_pred_overlap@10_mean": 0.14535010940919035,
    "super_pred_overlap@10_std": 0.18800239175404038,
    "n_models": 25,
    "type": "control",
    "control_name": "all_500_control",
    "individual_mrrs": [
      0.36046074625328145,
      0.35011531977779875,
      0.3648444024927251,
      0.3221892202825972,
      0.3562690076747984,
      0.3553348591054472,
      0.3618352737464198,
      0.33695196262500254,
      0.3695908503892281,
      0.3568279467755905,
      0.3572262762200081,
      0.32340872417317984,
      0.3671588466234656,
      0.34493614664710026,
      0.3593434041083103,
      0.3658423133842794,
      0.34888048790881654,
      0.359842197645913,
      0.3687468463355211,
      0.35915112917452974,
      0.35725885438039917,
      0.35789947509483777,
      0.3656497134847804,
      0.37670026842703663,
      0.36363326046507866
    ],
    "mean_mrr": 0.35640390132784583,
    "std_mrr": 0.013064333673020246,
    "min_mrr": 0.3221892202825972,
    "max_mrr": 0.37670026842703663
  },