{
  "dataset": "WN18RR",
  "model": "RGCN",
  "num_models": 25,
  "num_groups": 5,
  "models_per_group": 5,
  "random_seed": 42,
  "optimized": true,
  "on_the_fly": true,
  "random_control": {
    "mean_of_rank_stds": 2517.3363029749466,
    "std_of_rank_stds": 3938.1268750378595,
    "ambiguity@1": 0.09747925973197193,
    "ambiguity@5": 0.09700063816209317,
    "ambiguity@10": 0.11439055520102107,
    "discrepancy@1": 0.050893426930440334,
    "discrepancy@5": 0.049936183790682834,
    "discrepancy@10": 0.058391831525207404,
    "pred_jaccard@1": 0.6432673899170389,
    "pred_jaccard@1_std": 0.012161551301110154,
    "pred_overlap@1": 0.6432673899170389,
    "pred_overlap@1_std": 0.012161551301110154,
    "pred_rbo@1": 0.6432673899170389,
    "pred_rbo@1_std": 0.012161551301110154,
    "pred_kl@1": 5.5198578216444005,
    "pred_kl@1_std": 0.3923422009046386,
    "super_pred_jaccard@1_mean": 0.5384492661135929,
    "super_pred_jaccard@1_std": 0.4985194619423861,
    "super_pred_overlap@1_mean": 0.5384492661135929,
    "super_pred_overlap@1_std": 0.4985194619423861,
    "pred_jaccard@5": 0.23463865337668785,
    "pred_jaccard@5_std": 0.012289182206662794,
    "pred_overlap@5": 0.3429993618379069,
    "pred_overlap@5_std": 0.01424832609977023,
    "pred_rbo@5": 0.44391150818974684,
    "pred_rbo@5_std": 0.012871054412363308,
    "pred_kl@5": 5.5198578216444005,
    "pred_kl@5_std": 0.3923422009046386,
    "super_pred_jaccard@5_mean": 0.08875037822962537,
    "super_pred_jaccard@5_std": 0.10834436505594021,
    "super_pred_overlap@5_mean": 0.21860242501595406,
    "super_pred_overlap@5_std": 0.17992365130920698,
    "pred_jaccard@10": 0.18486101742849864,
    "pred_jaccard@10_std": 0.010418806597066113,
    "pred_overlap@10": 0.2851531589023612,
    "pred_overlap@10_std": 0.013278413508930931,
    "pred_rbo@10": 0.3736731432521956,
    "pred_rbo@10_std": 0.013143449478367016,
    "pred_kl@10": 5.5198578216444005,
    "pred_kl@10_std": 0.3923422009046386,
    "super_pred_jaccard@10_mean": 0.06004881883820052,
    "super_pred_jaccard@10_std": 0.07988438703669318,
    "super_pred_overlap@10_mean": 0.1612635609444799,
    "super_pred_overlap@10_std": 0.1443217929814294,
    "n_models": 5,
    "type": "control",
    "control_name": "random_control",
    "individual_mrrs": [
      0.41418102999233,
      0.40744757198562437,
      0.41565146031388367,
      0.4158510909532803,
      0.4121851447433845
    ],
    "mean_mrr": 0.41306325959770057,
    "std_mrr": 0.0034650840654777385,
    "min_mrr": 0.40744757198562437,
    "max_mrr": 0.4158510909532803
  },
  "init_control": {
    "mean_of_rank_stds": 2480.9030479437515,
    "std_of_rank_stds": 3878.223006806031,
    "ambiguity@1": 0.09253350350989151,
    "ambiguity@5": 0.10003190810465859,
    "ambiguity@10": 0.11295469049138482,
    "discrepancy@1": 0.048181238034460755,
    "discrepancy@5": 0.05009572431397575,
    "discrepancy@10": 0.055998723675813655,
    "pred_jaccard@1": 0.6493937460114869,
    "pred_jaccard@1_std": 0.012810060904794736,
    "pred_overlap@1": 0.6493937460114869,
    "pred_overlap@1_std": 0.012810060904794736,
    "pred_rbo@1": 0.6493937460114869,
    "pred_rbo@1_std": 0.012810060904794736,
    "pred_kl@1": 5.228903731796062,
    "pred_kl@1_std": 0.3231093169559618,
    "super_pred_jaccard@1_mean": 0.5448308870453095,
    "super_pred_jaccard@1_std": 0.49798613591819074,
    "super_pred_overlap@1_mean": 0.5448308870453095,
    "super_pred_overlap@1_std": 0.49798613591819074,
    "pred_jaccard@5": 0.24433491860900922,
    "pred_jaccard@5_std": 0.012302574252329408,
    "pred_overlap@5": 0.3537428206764518,
    "pred_overlap@5_std": 0.01415359542002466,
    "pred_rbo@5": 0.45323207828121675,
    "pred_rbo@5_std": 0.013172538345237295,
    "pred_kl@5": 5.228903731796062,
    "pred_kl@5_std": 0.3231093169559618,
    "super_pred_jaccard@5_mean": 0.09359802717308952,
    "super_pred_jaccard@5_std": 0.11314174153558719,
    "super_pred_overlap@5_mean": 0.2247925973197192,
    "super_pred_overlap@5_std": 0.1831560645068066,
    "pred_jaccard@10": 0.1929902209886567,
    "pred_jaccard@10_std": 0.011164906417594931,
    "pred_overlap@10": 0.29469208679004466,
    "pred_overlap@10_std": 0.014276281257747206,
    "pred_rbo@10": 0.3834426932972721,
    "pred_rbo@10_std": 0.013787161789716246,
    "pred_kl@10": 5.228903731796062,
    "pred_kl@10_std": 0.3231093169559618,
    "super_pred_jaccard@10_mean": 0.06483007492109875,
    "super_pred_jaccard@10_std": 0.08850701897528868,
    "super_pred_overlap@10_mean": 0.1679642629227824,
    "super_pred_overlap@10_std": 0.15373836749666103,
    "n_models": 5,
    "type": "control",
    "control_name": "init_control",
    "individual_mrrs": [
      0.41290475866720866,
      0.41121892804248533,
      0.4141810299960605,
      0.4074475719774127,
      0.41649956925443143
    ],
    "mean_mrr": 0.41245037158751974,
    "std_mrr": 0.0033963990134574166,
    "min_mrr": 0.4074475719774127,
    "max_mrr": 0.41649956925443143
  },
  "all_500_control": {
    "mean_of_rank_stds": 3000.054892117309,
    "std_of_rank_stds": 4132.826415422187,
    "ambiguity@1": 0.18315252074026803,
    "ambiguity@5": 0.18650287172941926,
    "ambiguity@10": 0.21043395022335673,
    "discrepancy@1": 0.05376515634971283,
    "discrepancy@5": 0.05520102105934908,
    "discrepancy@10": 0.06652839821314614,
    "pred_jaccard@1": 0.6517560093597107,
    "pred_jaccard@1_std": 0.011497464618850328,
    "pred_overlap@1": 0.6517560093597107,
    "pred_overlap@1_std": 0.011497464618850328,
    "pred_rbo@1": 0.6517560093597107,
    "pred_rbo@1_std": 0.011497464618850328,
    "pred_kl@1": 5.265312106994211,
    "pred_kl@1_std": 0.24277459785498234,
    "super_pred_jaccard@1_mean": 0.43059987236758135,
    "super_pred_jaccard@1_std": 0.4951601986070811,
    "super_pred_overlap@1_mean": 0.43059987236758135,
    "super_pred_overlap@1_std": 0.4951601986070811,
    "pred_jaccard@5": 0.24185184974152749,
    "pred_jaccard@5_std": 0.010473551301275849,
    "pred_overlap@5": 0.35147266539034255,
    "pred_overlap@5_std": 0.012113336791998339,
    "pred_rbo@5": 0.45284064028930016,
    "pred_rbo@5_std": 0.011593841871730617,
    "pred_kl@5": 5.265312106994211,
    "pred_kl@5_std": 0.24277459785498234,
    "super_pred_jaccard@5_mean": 0.02733406960911093,
    "super_pred_jaccard@5_std": 0.05393678653862032,
    "super_pred_overlap@5_mean": 0.16464582003828973,
    "super_pred_overlap@5_std": 0.1442834957336119,
    "pred_jaccard@10": 0.19127431823362775,
    "pred_jaccard@10_std": 0.0089986408647736,
    "pred_overlap@10": 0.29343591788981066,
    "pred_overlap@10_std": 0.011436901549786249,
    "pred_rbo@10": 0.382403529939594,
    "pred_rbo@10_std": 0.011578032396317264,
    "pred_kl@10": 5.265312106994211,
    "pred_kl@10_std": 0.24277459785498234,
    "super_pred_jaccard@10_mean": 0.015589110861277195,
    "super_pred_jaccard@10_std": 0.03706798548856102,
    "super_pred_overlap@10_mean": 0.10780153158902361,
    "super_pred_overlap@10_std": 0.10754001133169126,
    "n_models": 25,
    "type": "control",
    "control_name": "all_500_control",
    "individual_mrrs": [
      0.4120534125840884,
      0.4141883920823677,
      0.4122725119432587,
      0.4100766213330847,
      0.41270901422455997,
      0.4129140265710843,
      0.41784212004464044,
      0.4140690882411572,
      0.413458585440831,
      0.41565145853480645,
      0.41255660933479216,
      0.4149205150700672,
      0.4074475719778321,
      0.4164995692625819,
      0.4129047586784197,
      0.4112189280421054,
      0.4141810299966162,
      0.41251498542852205,
      0.41218514474459605,
      0.4158510909531159,
      0.4093175064594595,
      0.41470941648476334,
      0.41493400335286473,
      0.41102788364029,
      0.41193264562588533
    ],
    "mean_mrr": 0.41309747560207155,
    "std_mrr": 0.002317371222031382,
    "min_mrr": 0.4074475719778321,
    "max_mrr": 0.41784212004464044
  },